"file","method","repoOps"
"C:\Project\HANES\apps\backend\src\modules\consumables\services\consumable-label.service.ts","createConLabels","1"
"C:\Project\HANES\apps\backend\src\modules\consumables\services\consumables.service.ts","createLog","1"
"C:\Project\HANES\apps\backend\src\modules\consumables\services\consumables.service.ts","resetShotCount","1"
"C:\Project\HANES\apps\backend\src\modules\consumables\services\consumables.service.ts","updateShotCount","1"
"C:\Project\HANES\apps\backend\src\modules\equipment\services\equip-inspect.service.ts","create","1"
"C:\Project\HANES\apps\backend\src\modules\equipment\services\mold.service.ts","delete","1"
"C:\Project\HANES\apps\backend\src\modules\equipment\services\mold.service.ts","findById","1"
"C:\Project\HANES\apps\backend\src\modules\equipment\services\mold.service.ts","getMaintenanceDue","1"
"C:\Project\HANES\apps\backend\src\modules\equipment\services\mold.service.ts","getUsageLogs","1"
"C:\Project\HANES\apps\backend\src\modules\inventory\services\product-inventory.service.ts","cancelTransaction","1"
"C:\Project\HANES\apps\backend\src\modules\inventory\services\warehouse-location.service.ts","create","1"
"C:\Project\HANES\apps\backend\src\modules\master\services\com-code.service.ts","create","1"
"C:\Project\HANES\apps\backend\src\modules\master\services\company.service.ts","update","1"
"C:\Project\HANES\apps\backend\src\modules\master\services\iqc-group.service.ts","create","1"
"C:\Project\HANES\apps\backend\src\modules\master\services\iqc-item-pool.service.ts","create","1"
"C:\Project\HANES\apps\backend\src\modules\master\services\iqc-part-link.service.ts","create","1"
"C:\Project\HANES\apps\backend\src\modules\master\services\plant.service.ts","create","1"
"C:\Project\HANES\apps\backend\src\modules\master\services\process-capa.service.ts","create","1"
"C:\Project\HANES\apps\backend\src\modules\master\services\routing-group.service.ts","bulkSaveConditions","1"
"C:\Project\HANES\apps\backend\src\modules\master\services\routing-group.service.ts","createGroup","1"
"C:\Project\HANES\apps\backend\src\modules\master\services\routing-group.service.ts","createProcess","1"
"C:\Project\HANES\apps\backend\src\modules\master\services\vendor-barcode-mapping.service.ts","create","1"
"C:\Project\HANES\apps\backend\src\modules\master\services\work-calendar.service.ts","bulkUpdateDays","2"
"C:\Project\HANES\apps\backend\src\modules\master\services\work-calendar.service.ts","copyFrom","1"
"C:\Project\HANES\apps\backend\src\modules\master\services\work-calendar.service.ts","create","1"
"C:\Project\HANES\apps\backend\src\modules\material\services\adjustment.service.ts","_executeAdjustment","1"
"C:\Project\HANES\apps\backend\src\modules\material\services\adjustment.service.ts","createPending","2"
"C:\Project\HANES\apps\backend\src\modules\material\services\arrival.service.ts","createManualArrival","1"
"C:\Project\HANES\apps\backend\src\modules\material\services\arrival.service.ts","getStats","1"
"C:\Project\HANES\apps\backend\src\modules\material\services\arrival.service.ts","upsertStock","1"
"C:\Project\HANES\apps\backend\src\modules\material\services\iqc-history.service.ts","autoIssueDestructSample","1"
"C:\Project\HANES\apps\backend\src\modules\material\services\iqc-history.service.ts","handleIqcFail","1"
"C:\Project\HANES\apps\backend\src\modules\material\services\iqc-history.service.ts","reverseIqcFailMove","1"
"C:\Project\HANES\apps\backend\src\modules\material\services\mat-out-request.service.ts","create","1"
"C:\Project\HANES\apps\backend\src\modules\material\services\mat-stock.service.ts","adjustStock","1"
"C:\Project\HANES\apps\backend\src\modules\material\services\misc-receipt.service.ts","create","1"
"C:\Project\HANES\apps\backend\src\modules\material\services\physical-inv.service.ts","scanCount","1"
"C:\Project\HANES\apps\backend\src\modules\material\services\receiving.service.ts","getStats","2"
"C:\Project\HANES\apps\backend\src\modules\material\services\receiving.service.ts","upsertStock","1"
"C:\Project\HANES\apps\backend\src\modules\material\services\shelf-life-reinspect.service.ts","handleFail","2"
"C:\Project\HANES\apps\backend\src\modules\production\services\auto-plan.service.ts","createPlans","1"
"C:\Project\HANES\apps\backend\src\modules\production\services\auto-plan.service.ts","importOrders","1"
"C:\Project\HANES\apps\backend\src\modules\production\services\job-order.service.ts","findByIdWithResults","2"
"C:\Project\HANES\apps\backend\src\modules\production\services\job-order.service.ts","findTree","1"
"C:\Project\HANES\apps\backend\src\modules\production\services\prod-plan.service.ts","bulkCreate","1"
"C:\Project\HANES\apps\backend\src\modules\production\services\prod-plan.service.ts","create","1"
"C:\Project\HANES\apps\backend\src\modules\production\services\prod-result.service.ts","getDailySummary","1"
"C:\Project\HANES\apps\backend\src\modules\production\services\production-views.service.ts","getWipStock","1"
"C:\Project\HANES\apps\backend\src\modules\production\services\product-label.service.ts","createPrdLabels","1"
"C:\Project\HANES\apps\backend\src\modules\production\services\repair.service.ts","create","1"
"C:\Project\HANES\apps\backend\src\modules\quality\audit\services\audit.service.ts","addFinding","1"
"C:\Project\HANES\apps\backend\src\modules\quality\continuity-inspect\services\continuity-inspect.service.ts","findFgLabel","1"
"C:\Project\HANES\apps\backend\src\modules\quality\continuity-inspect\services\continuity-inspect.service.ts","findFgLabelsByOrder","1"
"C:\Project\HANES\apps\backend\src\modules\quality\continuity-inspect\services\continuity-inspect.service.ts","findJobOrders","1"
"C:\Project\HANES\apps\backend\src\modules\quality\continuity-inspect\services\continuity-inspect.service.ts","getPendingLabels","1"
"C:\Project\HANES\apps\backend\src\modules\quality\continuity-inspect\services\continuity-inspect.service.ts","getStats","1"
"C:\Project\HANES\apps\backend\src\modules\quality\continuity-inspect\services\continuity-inspect.service.ts","inspect","1"
"C:\Project\HANES\apps\backend\src\modules\quality\continuity-inspect\services\continuity-inspect.service.ts","preIssue","1"
"C:\Project\HANES\apps\backend\src\modules\quality\continuity-inspect\services\continuity-inspect.service.ts","reInspect","1"
"C:\Project\HANES\apps\backend\src\modules\quality\continuity-inspect\services\continuity-inspect.service.ts","reprintLabel","1"
"C:\Project\HANES\apps\backend\src\modules\quality\continuity-inspect\services\continuity-inspect.service.ts","resolveProdResult","1"
"C:\Project\HANES\apps\backend\src\modules\quality\continuity-inspect\services\continuity-inspect.service.ts","updateFgLabelStatus","1"
"C:\Project\HANES\apps\backend\src\modules\quality\continuity-inspect\services\continuity-inspect.service.ts","voidLabel","1"
"C:\Project\HANES\apps\backend\src\modules\quality\defects\services\defect-log.service.ts","create","1"
"C:\Project\HANES\apps\backend\src\modules\quality\inspection\services\inspect-result.service.ts","create","1"
"C:\Project\HANES\apps\backend\src\modules\quality\oqc\services\oqc.service.ts","createRequest","1"
"C:\Project\HANES\apps\backend\src\modules\quality\rework\services\rework.service.ts","findInspects","1"
"C:\Project\HANES\apps\backend\src\modules\quality\rework\services\rework-process.service.ts","createResult","1"
"C:\Project\HANES\apps\backend\src\modules\quality\spc\services\msa.service.ts","createCalibration","1"
"C:\Project\HANES\apps\backend\src\modules\role\role.service.ts","create","1"
"C:\Project\HANES\apps\backend\src\modules\scheduler\services\scheduler-log.service.ts","updateLog","1"
"C:\Project\HANES\apps\backend\src\modules\scheduler\services\scheduler-noti.service.ts","markAsRead","1"
"C:\Project\HANES\apps\backend\src\modules\shipping\services\box.service.ts","create","1"
"C:\Project\HANES\apps\backend\src\modules\shipping\services\customer-order.service.ts","create","1"
"C:\Project\HANES\apps\backend\src\modules\shipping\services\pallet.service.ts","create","1"
"C:\Project\HANES\apps\backend\src\modules\shipping\services\shipment.service.ts","create","1"
"C:\Project\HANES\apps\backend\src\modules\shipping\services\ship-order.service.ts","create","1"
"C:\Project\HANES\apps\backend\src\modules\shipping\services\ship-return.service.ts","create","1"
