LINE_CODE,ORGANIZATION_ID,LINE_DIVISION,LINE_NAME,ENTER_BY,ENTER_DATE,LAST_MODIFY_BY,LAST_MODIFY_DATE,LINE_PRODUCT_DIVISION,CAPACITY,UPH_VALUE,CAPACITY_UOM,USE_RATE,LINE_STATUS,ACTION_DATE,LINE_STATUS_CODE,MES_DISPLAY_GROUP,MES_DISPLAY_YN,MES_DISPLAY_SEQUENCE,DAY_START_TIME,NIGHT_START_TIME,SHOW_TABLE_YN,LINE_NAME_NUM,MASK_LOT_NO,MASK_CHECK_DATE,SQUEZE_LOT_NO,SQUEZE_CHECK_DATE,SOLDER_LOT_NO,SOLDER_CHECK_DATE,MODEL_NAME,MODEL_SUFFIX,ITEM_CODE,CCS_STATUS,FULL_CHECK_DATE,CCS_DATE,REFLOW_TEMP_VALUE,REFLOW_SOLDER_TYPE,REFLOW_CHECK_DATE,NSNP_STATUS,PCB_SCAN_STATUS,PCB_ITEM_CODE,PCB_SCAN_DATE,NSNP_START_DATE,PCB_ITEM,CHILD_ITEM_CODE,RUN_NO,REAL_ST,LAST_ACTUAL_DATE,COMMENTS,NSNP_REASON,NSNP_LOCK_TYPE,ACTIVE_YN,HEALTH_POINT,MASTER_MODEL_NAME,SMT_MODEL_NAME,PRODUCTION_TYPE,LINE_CODE_GROUP,FEEDER_LAYOUT_NAME,SQUEEZE_LOT_NO,SQUEEZE_CHECK_DATE,LAST_MODEL_NAME,LAST_MASK_LOT_NO,XRAY_CHECK_DATE,AOI_SAMPLE_CHECK_DATE,LV_SAMPLE_CHECK_DATE,TILT_SAMPLE_CHECK_DATE,RUN_NO_CHANGED_BY,RUN_DATE,SPEC_CHECK_STATUS,SPEC_CHECK_DATE,BACKUPBLOCK_CHECK_DATE,BACKUPBLOCK_LOT_NO,ROUTER_CHECK_DATE,ROUTER_LOT_NO,ROMWRITE_CHECK_DATE,ROMWRITE_LOT_NO,FIXTURE_CHECK_DATE,FIXTURE_LOT_NO,SAMPLE_CHECK_DATE,SAMPLE_LOT_NO,PROFILE_CHECK_DATE,PROFILE_LOT_NO,MASK_LOT_NO2,MASK_CHECK_DATE2,SQUEEZE_LOT_NO2,SQUEEZE_CHECK_DATE2,LAST_MASK_LOT_NO2,SAMPLE_CHECK_DATE2,SAMPLE_LOT_NO2,LAST_BACKUPBLOCK_LOT_NO,LAST_SQUEEZE_LOT_NO,LAST_SQUEEZE_LOT_NO2,LAST_ROUTER_LOT_NO,LAST_ROMWRITE_LOT_NO,LAST_FIXTURE_LOT_NO,LAST_SAMPLE_LOT_NO,LAST_SAMPLE_LOT_NO2,LAST_PROFILE_LOT_NO,LAST_SOLDER_LOT_NO,LAST_SPEC_CHECK_STATUS,LAST_RUN_NO,LAST_SOLDER_CHECK_DATE,LAST_PCB_ITEM,ICT_CHECK_DATE,ICT_LOT_NO,LAST_ICT_CHECK_DATE,LAST_ICT_LOT_NO,LAST_SPEC_CHECK_DATE,SAMPLE_ICT_CHECK_DATE,SAMPLE_ICT_LOT_NO,SAMPLE_ICT_CHECK_DATE2,SAMPLE_ICT_LOT_NO2,LAST_SAMPLE_ICT_LOT_NO,LAST_SAMPLE_ICT_LOT_NO2,SOLDER_TYPE,LCR_CHECK_DATE,LCR_LOT_NO,NOZZLE_CHECK_STATUS,NOZZLE_CHECK_DATE,LINE_NAME_GROUP,LINE_CODE_MACHINE,SAOI_NG_REVIEW_URL,INTERLOCK_COUNTER,MAOI_NG_REVIEW_URL,EPOXY_CHECK_DATE,EPOXY_LOT_NO,LAST_EPOXY_CHECK_DATE,LAST_EPOXY_LOT_NO,WATCHER_LINE_CODE,LINE_SUB_NAME,LINE_SUB_PRODUCT_DIVISION,LAST_SPI_RESET_DATE,LAST_AOI_RESET_DATE,SAMPLE_AOI_CHECK_DATE,SAMPLE_AOI_CHECK_DATE2,SAMPLE_AOI_LOT_NO,SAMPLE_AOI_LOT_NO2,SAMPLE_HIPOT_CHECK_DATE,SAMPLE_HIPOT_CHECK_DATE2,SAMPLE_HIPOT_LOT_NO,SAMPLE_HIPOT_LOT_NO2,SAMPLE_FCT_CHECK_DATE,SAMPLE_FCT_CHECK_DATE2,SAMPLE_FCT_LOT_NO,SAMPLE_FCT_LOT_NO2,SAMPLE_CASE_CHECK_DATE,SAMPLE_CASE_CHECK_DATE2,SAMPLE_CASE_LOT_NO,SAMPLE_CASE_LOT_NO2,SAMPLE_FT1_CHECK_DATE,SAMPLE_FT1_CHECK_DATE2,SAMPLE_FT1_LOT_NO,SAMPLE_FT1_LOT_NO2,SAMPLE_HIPOT2_CHECK_DATE,SAMPLE_HIPOT2_CHECK_DATE2,SAMPLE_HIPOT2_LOT_NO,SAMPLE_HIPOT2_LOT_NO2,SAMPLE_ATE_CHECK_DATE,SAMPLE_ATE_CHECK_DATE2,SAMPLE_ATE_LOT_NO,SAMPLE_ATE_LOT_NO2,JIG_FUNC_ICT_CHECK_DATE,JIG_FUNC_ICT_LOT_NO,JIG_FUNC_HIPOT_CHECK_DATE,JIG_FUNC_HIPOT_LOT_NO,JIG_FUNC_CALIB_CHECK_DATE,JIG_FUNC_CALIB_LOT_NO,LINE_WORKER_ID,LINE_WORKER_CHANGE_DATE,LAST_LINE_STATUS_CHANGE_DATE,DAY_PLAN_QTY,NIGHT_PLAN_QTY
*,1,C,NONE,ADMIN,2023-10-25 16:01:29,ADMIN,2024-03-25 08:11:13,COMMON,,,,,N,,N,*,N,0,,,,0,,,,,,,,,,,,,,,,,,,,,,,,,,,,,,,,,P,NONE,,,,,,,,,,,,,,,,,,,,,,,,,,,,,,,,,,,,,,,,,,,,,,,,,,,,,,,,,,,,,,,NONE,,,,,,,,,,,N,,,,,,,,,,,,,,,,,,,,,,,,,,,,,,,,,,,,,,,,,
00,1,D,COMMON,ADMIN,2023-12-21 00:00:00,ADMIN,2023-12-21 00:00:00,SMD,,,,,N,,N,*,N,0,,,,0,,,,,,,,,,,,,,,,,,,,,,,,,,,,,,,,,P,COM,,,,,,,,,,,,,,,,,,,,,,,,,,,,,,,,,,,,,,,,,,,,,,,,,,,,,,,,,,,,,,,COMMON,,,,,,,,,-,,C,,,,,,,,,,,,,,,,,,,,,,,,,,,,,,,,,,,,,,,,,
01,1,D,S09,ADMIN,2023-10-25 16:01:29,FULL CHECK,2026-04-29 18:11:01,SMD,,,,,N,,N,*,Y,9,,,,109,SSMS-0048,2026-04-24 06:42:03,,,B260416156,2026-04-29 04:49:36,NB90A910121A,,NB90A910121A,,2026-04-29 18:11:01,2026-04-24 05:17:39,,,,WAIT,,,,,T,,01AL1NCE8,,,,,,N,,NB90A910121A,NB90A910121A,P,S09,NB90A910121A,SSS-014,2026-04-24 06:09:47,ML92A320786A,SSAS-0410-001,,,,,PDA M,2026-04-24 05:17:49,P,2026-04-28 21:59:29,,,,,,,,,2026-04-24 05:48:51,000001,,,,,,,,2026-04-24 05:48:51,000001,,SSS-031,,,,,000001,000001,,B260416144,P,01AL4L64F,2026-04-28 21:23:41,T,,,,,2026-04-23 18:54:16,,,,,,,F,,,,,S09,,,,,,,,,,,A,2025-08-13 09:53:46,2025-12-19 09:11:55,,,,,,,,,,,,,,,,,,,,,,,,,,,,,,,,,,,,,,,
03,1,D,S10,ADMIN,2023-10-25 16:01:29,FULL CHECK,2026-04-29 18:50:55,SMD,,,,,N,,N,*,Y,10,,,,110,,,,,,,ML92A250982A,,ML92A250982A,,,2026-04-29 18:50:50,,,,WAIT,,,,,B,,03AL4V72A,,,,,,N,,ML92A250982A,ML92A250982A,P,S10,ML92A250982A,,,ML92A320707A,SSSS-0329,,,,,PDA M,2026-04-29 18:50:55,,,,,,,,,,,,,,,,,,,,,,,SSS-013,,,,,000063,000063,,B260416156,P,03AL4M765,2026-04-29 11:29:20,T,,,,,2026-04-29 14:05:59,,,,,,,F,,,,,S10,,,17316,,,,,,,,A,2026-04-23 21:22:04,2026-04-24 23:41:22,,,,,,,,,,,,,,,,,,,,,,,,,,,,,,,,,,,,,,,
05,1,D,S06,ADMIN,2023-10-25 16:01:29,FULL CHECK,2026-04-29 19:12:50,SMD,,,,,N,,N,*,Y,6,,,,106,,,,,,,MC92A250950A,,MC92A250950A,,,2026-04-29 19:12:28,,,,WAIT,,,,,B,,05AL4W779,,,,,,N,,MC92A250950A,MC92A250950A,P,S06,MC92A250950A,,,ML92A320854A,SSSB-0334,,,,,PDA M,2026-04-29 19:12:50,,,,,,,,,,,,,,,,,,,,,,,SSB-001,,,,,000063,000063,,,P,05AL4R6DF,,B,,,,,2026-04-28 22:21:26,,,,,,,F,,,,,S06,,,,,,,2026-04-29 14:03:21,B260425003,,,A,2024-06-21 12:40:34,2026-01-27 09:03:34,,,,,,,,,,,,,,,,,,,,,,,,,,,,,,,,,,,17027354,,,,
07,1,D,A04,ADMIN,2023-10-25 16:01:29,FULL CHECK,2024-10-19 06:16:38,SMD,,,,,S,,N,*,N,31,,,,201,,,,,,,,,,,,,,,,WAIT,,,,,,,,,,,,,N,,,,,A04,,,,,,,,,,,,P,2025-10-12 07:27:38,,,,,,,,,,,,,,,,,,,,,,,,,,,,,,,,,,,,,,,,,,,,,,,,,,A04,,,,,,,,,,,A,2024-06-21 11:14:52,2024-10-18 14:25:37,,,,,,,,,,,,,,,,,,,,,,,,,,,,,,,,,,,,,,,
09,1,D,A05,ADMIN,2023-10-25 16:01:29,FULL CHECK,2024-10-22 06:01:01,SMD,,,,,N,,N,*,N,32,,,,202,,,,,,,,,,,,,,,,WAIT,,,,,,,,,,,,,N,,,,,A05,,,,,,,,,,,,P,2025-07-07 11:48:37,,,,,,,,,,,,,,,,,,,,,,,,,,,,,,,,,,,,,,,,,,,,,,,,,,A05,,,,,,,,,,,A,2024-06-21 11:00:08,2024-06-23 08:58:55,,,,,,,,,,,,,,,,,,,,,,,,,,,,,,,,,,,,,,,
11,1,D,A06,ADMIN,2023-10-25 16:01:29,FULL CHECK,2024-10-13 07:10:57,SMD,,,,,N,,N,*,N,33,,,,203,,,,,,,,,,,,,,,,WAIT,,,,,,,,,,,,,N,,,,,A06,,,,,,,,,,,,P,2024-12-04 09:22:19,,,,,,,,,,,,,,,,,,,,,,,,,,,,,,,,,,,,,,,,,,,,,,,,,,A06,,,,,,,,,,,A,2024-06-26 14:51:58,2024-07-07 14:24:28,,,,,,,,,,,,,,,,,,,,,,,,,,,,,,,,,,,,,,,
13,1,D,S04,ADMIN,2023-10-25 16:01:29,LINE STATUS,2025-11-23 01:42:21,SMD,,,,,S,,STOP008,*,Y,4,,,,104,,,,,,,,,,,,,,,,WAIT,,,,,,,,,,,,,N,,,,,S04,,,,MW92A250920A,SSES-0456,,,,,,,P,2025-11-29 08:39:36,,,,,,,,,,,,,,,,,,,,,SSS-029,,,,,000001,000001,,B251102066,P,13AYAWF2E,2025-11-22 12:19:50,B,,,,,2025-11-22 11:07:23,,,,,,,,,,,,S04,,,,,,,,,,,A,2024-10-08 08:16:28,2025-11-21 08:24:14,,,,,,,,,,,,,,,,,,,,,,,,,,,,,,,,,,,17027354,,,,
15,1,D,A08,ADMIN,2023-10-25 16:01:29,FULL CHECK,2024-11-03 01:33:30,SMD,,,,,S,,N,*,N,34,,,,204,,,,,,,,,,,,,,,,WAIT,,,,,,,,,,,,,N,,,,,A08,,,,ML92A320571A,SSLB-0102,,,,,,,P,2025-05-05 05:03:34,,,,,,,,,,,,,,,,,,,,,SSB-003,,,,,000008,000008,,,P,15AXB27FC,,B,,,,,2024-11-02 08:03:46,,,,,,,,,,,,A08,,,,,,,2024-10-31 11:23:37,A241022014,,,A,2024-06-21 11:01:12,2024-06-21 11:01:18,,,,,,,,,,,,,,,,,,,,,,,,,,,,,,,,,,,,,,,
17,1,D,A09,ADMIN,2023-10-25 16:01:29,FULL CHECK,2024-11-13 08:26:06,SMD,,,,,S,,N,*,N,35,,,,205,,,,,,,,,,,,,,,,WAIT,,,,,,,,,,,,,N,,,,,A09,,,,,,,,,,,,,,,,,,,,,,,,,,,,,,,,,,,,,,,,,,,,,,,,,,,,,,,,,,,,,,,A09,,,,,,,,,,,A,2024-06-28 11:16:39,2024-06-28 11:16:02,,,,,,,,,,,,,,,,,,,,,,,,,,,,,,,,,,,,,,,
19,1,D,A10,ADMIN,2023-10-25 16:01:29,FULL CHECK,2024-12-10 16:50:33,SMD,,,,,S,,STOP009,*,N,36,,,,206,,,,,,,,,,,,,,,,WAIT,,,,,,,,,,,,,N,,,,,A10,,,,ML92A320508A,SSSB-0004-001,,,,,,,P,2025-10-13 19:11:17,,,,,,,,,,,,,,,,,,,,,SSB-015,,,,,000010,000010,,,P,19AXC3E10,,B,,,,,2024-12-10 09:43:16,,,,,,,,,,,,A10,,,,,,,2024-12-10 10:26:12,A241202002,,,A,2024-09-21 17:25:00,2024-12-08 08:56:32,,,,,,,,,,,,,,,,,,,,,,,,,,,,,,,,,,,,,,,
21,1,D,A11,ADMIN,2023-10-25 16:01:29,FULL CHECK,2025-04-02 19:11:03,SMD,,,,,S,,STOP018,*,N,37,,,,207,,,,,,,,,,,,,,,,WAIT,,,,,,,,,,,,,N,,,,,A11,,SSS-022,2025-09-07 22:51:43,ML92A320758A,SSSB-0128,,,,,,,P,2025-11-05 12:20:15,,,,,,,,,,,,,,,,,,,,,SSB-029,,,,,000011,000011,,,P,21AY3Y207,,B,,,,,2025-04-02 05:02:15,,,,,,,,,,,,A11,,,,,,,2025-03-31 15:56:44,A250327001,,,A,2024-06-21 11:02:22,2024-06-21 11:02:28,,,,,,,,,,,,,,,,,,,,,,,,,,,,,,,,,,,,,,,
23,1,D,S08,ADMIN,2023-10-25 16:01:29,FULL CHECK,2025-11-23 03:17:03,SMD,,,,,S,,STOP009,*,Y,8,,,,108,,,,,,,,,,,,,,,,WAIT,,,,,,,,,,,,,N,,,,,S08,,,,ML92A320712A,SSSB-0162,,,,,,,P,2025-12-16 09:45:52,,,,,,,,,,,,,,,,,,,,,SSB-012,,,,,000013,000013,,,P,23AXA1E85,,B,,,,,2025-11-22 02:18:05,,,,,,,,,,,,S08,,,,,,,2025-11-22 20:53:19,B251121004,,,A,2025-10-02 10:00:31,2025-10-21 10:38:39,,,,,,,,,,,,,,,,,,,,,,,,,,,,,,,,,,,,,,,
25,1,D,S07,ADMIN,2023-10-25 16:01:29,FULL CHECK,2026-02-03 12:33:21,SMD,,,,,N,,N,*,Y,7,,,,107,,,,,,,,,,,,,,,,WAIT,,,,,,,,,,,,,N,,,,,S07,,,,ML92A320861A,SSSB-0303,,,,,,,P,2026-02-21 08:36:22,,,,,,,,,,,,,,,,,,,,,SSB-015,,,,,000063,000063,,,P,25AL1HF97,,B,,,,,2026-02-02 14:44:33,,,,,,,,,,,,S07,,,,,,,2026-02-01 14:40:23,B260126011,,,A,2025-04-19 12:05:27,2026-01-23 12:46:34,,,,,,,,,,,,,,,,,,,,,,,,,,,,,,,,,,,,,,,
27,1,D,S05,ADMIN,2023-10-25 16:01:29,23117077,2025-11-24 13:40:53,SMD,,,,,S,,STOP018,*,Y,5,,,,105,,,,,,,,,,,,,,,,WAIT,,,,,,,,,,,,,N,,,,,S05,,,,NB90A910127A,SSMS-0020,,,,,,,P,2025-12-04 08:44:45,,,,,,,,,,,,,,,,,,,,,SSS-022,,,,,000014,000014,,B251123008,P,27AYB9F6F,2025-11-24 13:40:53,T,,,,,2025-11-24 13:40:08,,,,,,,,,,,,S05,,,4798,,,,,,,,A,2024-06-21 11:03:19,2025-08-28 09:58:04,,,,,,,,,,,,,,,,,,,,,,,,,,,,,,,,,,,,,,,
41,1,D,S03,ADMIN,2023-10-25 16:01:29,FULL CHECK,2026-04-29 17:04:07,SMD,,,,,N,,N,*,Y,3,,,,103,SSES-0458,2026-04-06 07:55:50,,,B260416160,2026-04-29 09:16:45,MW92A281076A,,MW92A281076A,,2026-04-29 17:04:07,2026-04-05 19:33:16,,,,WAIT,,,,,T,,41AL4308C,,,,,,N,,MW92A281076A,MW92A281076A,P,S03,MW92A281076A,SSS-015,2026-04-06 07:55:40,MW92A281076A,SSES-0458,,,,,PDA M,2026-04-05 19:33:31,P,2026-04-28 22:21:20,,,,,,,,,2026-04-06 08:38:15,000001,,,,,,,,2026-04-06 08:38:15,000001,,SSS-052,,,,,000001,000001,,B260416160,P,41AL4308C,2026-04-29 09:16:45,T,,,,,2026-04-05 01:59:05,,,,,,,F,,,,,S03,,,,,,,,,,,B,2024-06-21 11:03:50,2026-04-08 14:22:34,,,,,,,,,,,,,,,,,,,,,,,,,,,,,,,,,,,,,,,
43,1,D,S02,ADMIN,2023-10-25 16:01:29,FULL CHECK,2026-04-29 18:35:22,SMD,,,,,N,,N,*,Y,2,,,,102,SSES-0508,2026-04-24 14:26:50,,,B260416153,2026-04-29 07:30:18,MW93A100527A,,MW93A100527A,,2026-04-29 18:35:22,2026-04-24 14:06:49,,,,WAIT,,,,,T,,43AL4P675,,,,,,N,,MW93A100527A,MW93A100527A,P,S02,MW93A100527A,SSS-018,2026-04-24 14:14:32,MW92A281075A,SSES-0499,,,,,PDA M,2026-04-24 14:06:59,P,2026-04-28 22:21:13,,,,,,,,,2026-04-24 14:08:16,000001,,,,,,,,2026-04-24 14:08:16,000001,,SSS-018,,,,,000057,000057,,B260416152,P,43AL4M608,2026-04-29 07:29:54,T,,,,,2026-04-24 06:32:00,,,,,,,F,,,,,S02,,,,,,,,,,,B,2024-06-21 14:33:52,2025-09-26 03:27:30,,,,,,,,,,,,,,,,,,,,,,,,,,,,,,,,,,,17027354,,,,
45,1,D,S01,ADMIN,2023-10-25 16:01:29,FULL CHECK,2026-04-29 17:03:54,SMD,,,,,N,,N,*,Y,1,,,,101,SSES-0437,2026-04-28 04:46:54,,,,,MW93A100406A,,MW93A100406A,,2026-04-29 17:03:54,2026-04-28 04:19:25,,,,WAIT,,,,,T,,45AL3TF2F,,,,,,N,,MW93A100406A,MW93A100406A,P,S01,MW93A100406A,SSS-001,2026-04-28 04:37:37,MW93A100406A,SSES-0420,,,,,PDA M,2026-04-28 04:19:47,P,2026-04-29 04:46:46,,,,,,,,,2026-04-28 04:22:39,000001,,,,,,,,2026-04-28 04:22:39,000001,,SSS-028,,,,,000065,000065,,,P,45AL3TF2F,,T,,,,,2026-04-27 21:56:36,,,,,,,F,,,,,S01,,,,,,,,,,,B,2024-06-21 14:34:19,2024-06-21 14:34:22,,,,,,,,,,,,,,,,,,,,,,,,,,,,,,,,,,,17027354,,,,
47,1,D,B04,ADMIN,2023-10-25 16:01:29,FULL CHECK,2024-10-28 20:16:01,SMD,,,,,S,,STOP019,*,N,41,,,,301,,,,,,,,,,,,,,,,WAIT,,,,,,,,,,,,,N,,,,,B04,,SSS-006,2025-06-12 07:24:34,MC92A250752A,SSPB-0064,,,,,,,P,2025-02-03 14:02:31,,,,,,,,,,,,,,,,,,,,,SSB-013,,,,,000047,000047,,,P,47AXAV6C0,,B,,,,,2024-10-28 08:44:40,,,,,,,,,,,,B04,,,,,,,2024-10-28 17:10:57,B241009004,,,B,2024-09-10 19:04:34,2024-06-21 11:04:44,,,,,,,,,,,,,,,,,,,,,,,,,,,,,,,,,,,,,,,
49,1,D,B05,ADMIN,2023-10-25 16:01:29,FULL CHECK,2024-10-29 12:18:16,SMD,,,,,S,,N,*,N,42,,,,302,,,,,,,,,,,,,,,,WAIT,,,,,,,,,,,,,N,,,,,B05,,,,MW93A100433A,SSES-0083,,,,,,,P,2024-11-15 06:23:18,,,,,,,,,,,,,,,,,,,,,SSS-026,,,,,000065,000065,,B241025053,P,49AXAV6C1,2024-10-29 08:55:55,T,,,,,2024-10-29 09:02:07,,,,,,,,,,,,B05,,,,,,,,,,,B,2024-06-21 11:04:54,2024-06-21 11:04:57,,,,,,,,,,,,,,,,,,,,,,,,,,,,,,,,,,,,,,,
51,1,D,B06,ADMIN,2023-10-25 16:01:29,LINE STATUS,2024-11-19 09:21:22,SMD,,,,,N,,N,*,N,43,,,,303,,,,,,,,,,,,,,,,WAIT,,,,,,,,,,,,,N,,,,,B06,,,,MC92A250591A,SSPB-0074,,,,,,,P,2024-12-16 20:33:02,,,,,,,,,,,,,,,,,,,,,SSB-016,,,,,000051,000051,,,P,51AXBJB86,,B,,,,,2024-11-19 07:22:09,,,,,,,,,,,,B06,,,,,,,2024-11-15 09:44:40,B241009011,,,B,2024-06-21 11:05:10,2024-06-21 11:05:13,,,,,,,,,,,,,,,,,,,,,,,,,,,,,,,,,,,,,,,
53,1,D,B07,ADMIN,2023-10-25 16:01:29,FULL CHECK,2024-11-19 09:50:01,SMD,,,,,S,,N,*,N,44,,,,304,,,,,,,,,,,,,,,,WAIT,,,,,,,,,,,,,N,,,,,B07,,,,ML92A280423A,SSAS-0263-001,,,,,,,P,2025-10-31 07:32:33,,,,,,,,,,,,,,,,,,,,,SSS-009,,,,,000045,000045,,B241115065,P,53AXBGB3E,2024-11-19 09:04:38,T,,,,,2024-11-19 07:22:14,,,,,,,,,,,,B07,,,,,,,,,,,B,2024-06-21 11:05:22,2024-06-21 11:05:27,,,,,,,,,,,,,,,,,,,,,,,,,,,,,,,,,,,,,,,
55,1,D,B08,ADMIN,2023-10-25 16:01:29,LINE STATUS,2025-04-13 04:44:24,SMD,,,,,S,,STOP008,*,N,45,,,,305,,,,,,,,,,,,,,,,WAIT,,,,,,,,,,,,,N,,,,,B08,,,,ML92A280493A,,,,,,,,P,2025-06-17 09:21:41,,,,,,,,,,,,,,,,,,,,,,,,,,,,,,,55AY4B3D2,,T,,,,,,,,,,,,,,,,,B08,,,,,,,,,,,B,2024-06-21 11:05:37,2024-06-21 11:05:39,,,,,,,,,,,,,,,,,,,,,,,,,,,,,,,,,,,,,,,
57,1,D,S11,ADMIN,2023-10-25 16:01:29,FULL CHECK,2026-04-29 16:57:14,SMD,,,,,N,,N,*,Y,11,,,,111,SSSB-0195,2026-04-29 17:05:49,,,,,ML92A320758A,,ML92A320758A,,,2026-04-29 16:57:08,,,,WAIT,,,,,B,,57AL4W794,,,,,,N,,ML92A320758A,ML92A320758A,P,S11,ML92A320758A,SSB-015,2026-04-29 17:05:54,ML92A320862A,SSSB-0304,,,,,PDA M,2026-04-29 16:57:14,P,2026-04-29 17:00:13,,,,,,,,,2026-04-29 17:00:32,000057,,,,,,,,2026-04-29 17:00:32,000057,,SSB-015,,,,,000057,000057,,,P,57AL4M6FF,,B,,,,,2026-04-28 21:59:21,,,,,,,F,,,,,S11,,,,,2026-04-29 14:15:51,B260428003,2026-04-29 14:15:51,B260428003,,,B,2026-03-10 04:29:17,2026-03-06 09:38:18,,,,,,,,,,,,,,,,,,,,,,,,,,,,,,,,,,,,,,,
59,1,D,S12,ADMIN,2023-10-25 16:01:29,FULL CHECK,2026-04-29 19:24:56,SMD,,,,,N,,N,*,Y,12,,,,112,SSAS-0629,2026-04-29 19:25:57,,,,,ML92A250977A,,ML92A250977A,,,2026-04-29 19:24:52,,,,WAIT,,,,,B,,59AYCN775,,,,,,N,,ML92A250977A,ML92A250977A,P,S12,ML92A250977A,SSS-024,2026-04-29 19:26:00,ML92A250978A,,,,,,PDA M,2026-04-29 19:24:56,,,,,,,,,,,,,,,,,,,,,,,,,,,,,,,,P,59AYCN773,,B,,,,,2026-04-29 16:38:45,,,,,,,F,,,,,S12,,,,,,,,,,,B,2024-06-21 11:06:10,2026-04-01 08:23:33,,,,,,,,,,,,,,,,,,,,,,,,,,,,,,,,,,,,,,,
61,1,D,S13,ADMIN,2023-10-25 16:01:29,FULL CHECK,2026-04-29 17:03:18,SMD,,,,,N,,N,*,Y,13,,,,113,SSSB-0311,2026-04-19 10:28:32,,,,,ML92A320855A,,ML92A320855A,,2026-04-29 17:03:18,2026-04-19 09:57:16,,,,WAIT,,,,,B,,61AL4K4FA,,,,,,N,,ML92A320855A,ML92A320855A,P,S13,ML92A320855A,SSB-007,2026-04-19 10:29:06,,,,,,,PDA M,2026-04-19 09:57:47,P,2026-04-28 21:59:08,,,,,,,,,2026-04-19 09:58:33,000057,,,,,,,,2026-04-19 09:58:33,000057,,,,,,,,,,,,,,,,,,,,,,,,,,F,,,,,S13,,,,,2026-04-28 10:53:51,B260425001,2026-04-25 09:14:11,B260423005,,,B,2026-02-05 23:20:16,2026-03-19 04:54:07,,,,,,,,,,,,,,,,,,,,,,,,,,,,,,,,,,,,,,,
63,1,D,S14,ADMIN,2023-10-25 16:01:29,FULL CHECK,2026-04-29 17:03:34,SMD,,,,,N,,N,*,Y,14,,,,114,SSSB-0281,2026-04-29 14:35:57,,,,,ML92A281077A,,ML92A281077A,,2026-04-29 17:03:34,2026-04-29 14:27:21,,,,WAIT,,,,,B,,63AL4W78A,,,,,,N,,ML92A281077A,ML92A281077A,P,S14,ML92A281077A,SSB-014,2026-04-29 14:36:02,ML92A250992A,SSSB-0313,,,,,PDA M,2026-04-29 14:27:26,P,2026-04-29 14:36:07,,,,,,,,,2026-04-29 14:36:14,000063,,,,,,,,2026-04-29 14:36:14,000063,,SSB-014,,,,,000057,000057,,,P,63AL4V708,,B,,,,,2026-04-29 04:00:23,,,,,,,F,,,,,S14,,,,,2026-04-28 17:15:56,B260428001,2026-04-28 17:15:56,B260428001,,,B,2024-06-21 11:06:39,2026-03-02 08:28:12,,,,,,,,,,,,,,,,,,,,,,,,,,,,,,,,,,,,,,,
65,1,D,S15,ADMIN,2023-10-25 16:01:29,FULL CHECK,2026-04-29 17:03:37,SMD,,,,,N,,N,*,Y,15,,,,115,SSES-0052-001,2026-04-16 08:30:15,,,,,MW93A100432A,,MW93A100432A,,2026-04-29 17:03:37,2026-04-16 08:25:44,,,,WAIT,,,,,T,,65AL4B316,,,,,,N,,MW93A100432A,MW93A100432A,P,S15,MW93A100432A,SSS-051,2026-04-16 08:30:09,MW93A100432A,SSES-0454,,,,,PDA M,2026-04-16 08:26:29,P,2026-04-28 21:59:17,,,,,,,,,2026-04-16 08:27:41,000065,,,,,,,,2026-04-16 08:27:41,000065,,SSS-010,,,,,000065,000065,,,P,65AL4B316,,T,,,,,2026-04-14 10:25:46,,,,,,,F,,,,,S15,,,,,,,,,,,B,2024-07-06 10:39:24,2024-06-21 11:07:00,,,,,,,,,,,,,,,,,,,,,,,,,,,,,,,,,,,,,,,
67,1,D,B14,ADMIN,2023-10-25 16:01:29,FULL CHECK,2024-05-02 20:29:44,SMD,,,,,S,,STOP019,*,N,46,,,,306,,,,,,,,,,,,,,,,WAIT,,,,,,,,,,,,,N,,,,,B14,,,,MC92A250753A,SSPB-0037,,,,,,,P,2024-05-20 09:17:15,,,,,,,,,,,,,,,,,,,,,SSB-020-001,,,,,000067,000067,,,P,67AX4P1E5,,B,,,,,2024-05-02 08:28:01,,,,,,,,,,,,B14,,,,,,,2024-04-25 22:56:05,B240423010,,,B,,,,,,,,,,,,,,,,,,,,,,,,,,,,,,,,,,,,,,,,,
70,1,D,LINE 1_AXIAL1,ADMIN,2024-03-28 13:37:50,FULL CHECK,2026-04-29 15:34:02,AI,,,,,N,,,,Y,401,,,,401,,,,,,,ML90A340585A,,ML90A340585A,,2026-04-29 15:34:02,2026-04-29 15:33:33,,,,WAIT,,,,,T,,70AL4W780,,,,,,N,,ML90A340585A,ML90A340585A,P,70,ML90A340585A,,,ML90A340584A,,,,,,PDA M,2026-04-29 15:33:42,,,,,,,,,,,,,,,,,,,,,,,,,,,,,,,,,70AL4H74C,,T,,,,,,,,,,,,F,,,,,LINE 1,,,,,,,,,,6241G,,,,,,,,,,,,,,,,,,,,,,,,,,,,,,,,,,,,,,,,,,
71,1,D,LINE 1_AXIAL2,ADMIN,2024-03-28 13:43:54,FULL CHECK,2026-04-29 15:31:53,AI,,,,,S,,,,Y,401,,,,401,,,,,,,ML90A340585A,,ML90A340585A,,2026-04-29 15:31:53,2026-04-29 15:30:58,,,,WAIT,,,,,T,,71AL4W781,,,,,,N,,ML90A340585A,ML90A340585A,P,71,ML90A340585A,,,ML90A340584A,,,,,,PDA M,2026-04-29 15:31:08,,,,,,,,,,,,,,,,,,,,,,,,,,,,,,,,,71AL4V74B,,T,,,,,,,,,,,,F,,,,,LINE 1,,,,,,,,,,6241K,,,,,,,,,,,,,,,,,,,,,,,,,,,,,,,,,,,,,,,,,,
72,1,D,LINE 1_EYELET1,ADMIN,2023-10-25 16:01:29,FULL CHECK,2026-04-29 15:37:45,AI,,,,,N,,N,*,Y,401,,,,401,,,,,,,ML90A340585A,,ML90A340585A,,2026-04-29 15:37:45,2026-04-29 15:37:15,,,,WAIT,,,,,T,,72AL4W782,,,,,,N,,ML90A340585A,ML90A340585A,P,72,ML90A340585A,,,ML90A340584A,,,,,,PDA M,2026-04-29 15:37:25,,,,,,,,,,,,,,,,,,,,,,,,,,,,,,,,,72AL4G74D,,T,,,,,,,,,,,,F,,,,,LINE 1,,,,,,,,,,FW-1004C,,,,,,,,,,,,,,,,,,,,,,,,,,,,,,,,,,,,,,,,,,
73,1,D,LINE 1_EYELET2,ADMIN,2023-10-25 16:01:29,FULL CHECK,2026-04-29 15:36:06,AI,,,,,N,,N,*,Y,401,,,,401,,,,,,,ML90A340585A,,ML90A340585A,,2026-04-29 15:36:06,2026-04-29 15:35:38,,,,WAIT,,,,,T,,73AL4W783,,,,,,N,,ML90A340585A,ML90A340585A,P,73,ML90A340585A,,,ML90A340584A,,,,,,PDA M,2026-04-29 15:35:46,,,,,,,,,,,,,,,,,,,,,,,,,,,,,,,,,73AL4F74E,,T,,,,,,,,,,,,F,,,,,LINE 1,,,,,,,,,,FW-1004C,,,,,,,,,,,,,,,,,,,,,,,,,,,,,,,,,,,,,,,,,,
74,1,D,LINE 1_RADIAL1,ADMIN,2023-10-25 16:01:29,FULL CHECK,2026-04-29 15:25:22,AI,,,,,S,,,*,Y,401,,,,401,,,,,,,ML90A340585A,,ML90A340585A,,2026-04-29 15:25:22,2026-04-29 15:23:41,,,,WAIT,,,,,T,,74AL4W786,,,,,,N,,ML90A340585A,ML90A340585A,P,73,ML90A340585A,,,ML90A340584A,,,,,,PDA M,2026-04-29 15:23:55,,,,,,,,,,,,,,,,,,,,,,,,,,,,,,,,,74AL4C74F,,T,,,,,,,,,,,,F,,,,,LINE 1,,,,,,,,,,NB168-4P,,,,,,,,,,,,,,,,,,,,,,,,,,,,,,,,,,,,,,,,,,
75,1,D,LINE 2_AXIAL1,ADMIN,2024-03-28 13:43:54,FULL CHECK,2026-04-29 09:07:04,AI,,,,,N,,,,Y,401,,,,401,,,,,,,ML90A340585A,,ML90A340585A,,2026-04-29 09:07:04,2026-04-29 09:06:37,,,,WAIT,,,,,T,,75AL4J75E,,,,,,N,,ML90A340585A,ML90A340585A,P,75,ML90A340585A,,,ML90A340585A,,,,,,PDA M,2026-04-29 09:06:48,,,,,,,,,,,,,,,,,,,,,,,,,,,,,,,,,75AL4J75E,,T,,,,,,,,,,,,F,,,,,LINE 2,,,,,,,,,,6241K,,,,,,,,,,,,,,,,,,,,,,,,,,,,,,,,,,,,,,,,,,
76,1,D,LINE 2_AXIAL2,ADMIN,2024-03-28 13:37:51,FULL CHECK,2026-04-29 12:41:59,AI,,,,,N,,,,Y,401,,,,401,,,,,,,ML90A340585A,,ML90A340585A,,2026-04-29 12:41:59,2026-04-29 08:53:02,,,,WAIT,,,,,T,,76AL4J75F,,,,,,N,,ML90A340585A,ML90A340585A,P,76,ML90A340585A,,,ML90A200659A,,,,,,PDA M,2026-04-29 08:53:14,,,,,,,,,,,,,,,,,,,,,,,,,,,,,,,,,76AL4V71D,,T,,,,,,,,,,,,F,,,,,LINE 2,,,,,,,,,,6241G,,,,,,,,,,,,,,,,,,,,,,,,,,,,,,,,,,,,,,,,,,
77,1,D,LINE 2_EYELET1,ADMIN,2024-03-28 13:12:39,FULL CHECK,2026-04-29 09:01:46,AI,,,,,N,,,,Y,401,,,,401,,,,,,,ML90A340585A,,ML90A340585A,,2026-04-29 09:01:46,2026-04-29 08:58:39,,,,WAIT,,,,,T,,77AL4W770,,,,,,N,,ML90A340585A,ML90A340585A,P,77,ML90A340585A,,,,,,,,,PDA M,2026-04-29 09:00:32,,,,,,,,,,,,,,,,,,,,,,,,,,,,,,,,,,,,,,,,,,,,,,,F,,,,,LINE 2,,,,,,,,,,MH1004C,,,,,,,,,,,,,,,,,,,,,,,,,,,,,,,,,,,,,,,,,,
78,1,D,LINE 2_EYELET2,ADMIN,2024-03-28 14:18:09,FULL CHECK,2026-04-29 09:04:03,AI,,,,,N,,,,Y,401,,,,401,,,,,,,ML90A340585A,,ML90A340585A,,2026-04-29 09:04:03,2026-04-29 09:03:23,,,,WAIT,,,,,T,,78AL4D761,,,,,,N,,ML90A340585A,ML90A340585A,P,78,ML90A340585A,,,ML90A200659A,,,,,,PDA M,2026-04-29 09:03:30,,,,,,,,,,,,,,,,,,,,,,,,,,,,,,,,,78AL4V71E,,T,,,,,,,,,,,,F,,,,,LINE 2,,,,,,,,,,FW-1004C,,,,,,,,,,,,,,,,,,,,,,,,,,,,,,,,,,,,,,,,,,
79,1,D,LINE 2_RADIAL1,ADMIN,2024-03-27 18:20:45,FULL CHECK,2026-04-29 16:45:57,AI,,,,,S,,,,Y,401,,,,401,,,,,,,ML90A340585A,,ML90A340585A,,2026-04-29 16:45:57,2026-04-29 08:38:19,,,,WAIT,,,,,T,,79AL4C762,,,,,,N,,ML90A340585A,ML90A340585A,P,79,ML90A340585A,,,,,,,,,PDA M,2026-04-29 08:38:58,,,,,,,,,,,,,,,,,,,,,,,,,,,,,,,,,,,,,,,,,,,,,,,F,,,,,LINE 2,,,,,,,,,,NB168-4P,,,,,,,,,,,,,,,,,,,,,,,,,,,,,,,,,,,,,,,,,,
80,1,D,LINE 3_AXIAL1,ADMIN,2023-10-25 16:01:29,FULL CHECK,2026-04-29 13:41:20,AI,,,,,N,,N,*,Y,401,,,,401,,,,,,,ML90A340584A,,ML90A340584A,,2026-04-29 13:41:20,2026-04-29 13:40:36,,,,WAIT,,,,,T,,80AL4W77A,,,,,,N,,ML90A340584A,ML90A340584A,P,80,ML90A340584A,,,ML90A340542A,,,,,,PDA M,2026-04-29 13:40:49,,,,,,,,,,,,,,,,,,,,,,,,,,,,,,,,,80AL4V752,,T,,,,,,,,,,,,F,,,,,LINE 3,,,,,,,,,,AV132,,,,,,,,,,,,,,,,,,,,,,,,,,,,,,,,,,,,,,,,,,
81,1,D,LINE 3_EYELET1,ADMIN,2024-03-28 14:17:22,FULL CHECK,2026-04-29 13:43:22,AI,,,,,N,,,,Y,401,,,,401,,,,,,,ML90A340584A,,ML90A340584A,,2026-04-29 13:43:22,2026-04-29 13:42:46,,,,WAIT,,,,,T,,81AL4W77B,,,,,,N,,ML90A340584A,ML90A340584A,P,81,ML90A340584A,,,ML90A340542A,,,,,,PDA M,2026-04-29 13:42:56,,,,,,,,,,,,,,,,,,,,,,,,,,,,,,,,,81AL4R753,,T,,,,,,,,,,,,F,,,,,LINE 3,,,,,,,,,,FW-1004C,,,,,,,,,,,,,,,,,,,,,,,,,,,,,,,,,,,,,,,,,,
82,1,D,LINE 3_EYELET2,ADMIN,2024-03-28 13:12:38,FULL CHECK,2026-04-29 13:46:33,AI,,,,,N,,,,Y,401,,,,401,,,,,,,ML90A340584A,,ML90A340584A,,2026-04-29 13:46:33,2026-04-29 13:45:52,,,,WAIT,,,,,T,,82AL4W77C,,,,,,N,,ML90A340584A,ML90A340584A,P,82,ML90A340584A,,,ML90A340542A,,,,,,PDA M,2026-04-29 13:46:05,,,,,,,,,,,,,,,,,,,,,,,,,,,,,,,,,82AL4M754,,T,,,,,,,,,,,,F,,,,,LINE 3,,,,,,,,,,JX-4008,,,,,,,,,,,,,,,,,,,,,,,,,,,,,,,,,,,,,,,,,,
83,1,D,LINE 3_JVK1,ADMIN,2024-03-28 13:24:50,FULL CHECK,2026-04-25 08:08:07,AI,,,,,N,,,,Y,401,,,,401,,,,,,,,,,,,,,,,WAIT,,,,,,,,,,,,,N,,,,,83,,,,,,,,,,,,,,,,,,,,,,,,,,,,,,,,,,,,,,,,,,,,,,,,,,,,,,,,,,,,,,,LINE 3,,,,,,,,,,PANASERT JVK-2,,,,,,,,,,,,,,,,,,,,,,,,,,,,,,,,,,,,,,,,,,
84,1,D,LINE 3_RADIAL1,ADMIN,2024-03-28 12:14:49,FULL CHECK,2026-04-29 13:37:35,AI,,,,,N,,,,Y,401,,,,401,,,,,,,ML90A340584A,,ML90A340584A,,2026-04-29 13:37:35,2026-04-29 13:36:34,,,,WAIT,,,,,T,,84AL4W77E,,,,,,N,,ML90A340584A,ML90A340584A,P,84,ML90A340584A,,,ML90A340542A,,,,,,PDA M,2026-04-29 13:36:49,,,,,,,,,,,,,,,,,,,,,,,,,,,,,,,,,84AL3R756,,T,,,,,,,,,,,,F,,,,,LINE 3,,,,,,,,,,NB168-4P,,,,,,,,,,,,,,,,,,,,,,,,,,,,,,,,,,,,,,,,,,
85,1,D,LINE 4_AXIAL1,ADMIN,2023-10-25 16:01:29,FULL CHECK,2026-04-29 12:44:04,AI,,,,,S,,,*,Y,401,,,,401,,,,,,,ML90A340584A,,ML90A340584A,,2026-04-29 12:44:04,2026-04-29 08:37:56,,,,WAIT,,,,,T,,85AL4W76B,,,,,,N,,ML90A340584A,ML90A340584A,P,85,ML90A340584A,,,ML90A340490A,,,,,,PDA M,2026-04-29 08:38:03,,,,,,,,,,,,,,,,,,,,,,,,,,,,,,,,,85AL4V757,,T,,,,,,,,,,,,F,,,,,LINE 4,,,,,,,,,,6241G,,,,,,,,,,,,,,,,,,,,,,,,,,,,,,,,,,,,,,,,,,
86,1,D,LINE 4_EYELET1,ADMIN,2024-03-28 13:17:45,FULL CHECK,2026-04-29 08:43:16,AI,,,,,N,,,,Y,401,,,,401,,,,,,,ML90A200612A,,ML90A200612A,,2026-04-29 08:43:16,2026-04-25 13:39:20,,,,WAIT,,,,,T,,86AL4Q6E1,,,,,,N,,ML90A200612A,ML90A200612A,P,86,ML90A200612A,,,ML90A340583A,,,,,,PDA M,2026-04-25 13:39:40,,,,,,,,,,,,,,,,,,,,,,,,,,,,,,,,,86AL4P673,,T,,,,,,,,,,,,F,,,,,LINE 4,,,,,,,,,,MULSERTER 200,,,,,,,,,,,,,,,,,,,,,,,,,,,,,,,,,,,,,,,,,,
87,1,D,LINE 4_RADIAL1,ADMIN,2023-10-25 16:01:29,FULL CHECK,2026-04-29 12:43:23,AI,,,,,S,,,*,Y,401,,,,401,,,,,,,ML90A340584A,,ML90A340584A,,2026-04-29 12:43:23,2026-04-29 09:16:23,,,,WAIT,,,,,T,,87AL4W76D,,,,,,N,,ML90A340584A,ML90A340584A,P,87,ML90A340584A,,,,,,,,,PDA M,2026-04-29 09:16:34,,,,,,,,,,,,,,,,,,,,,,,,,,,,,,,,,,,,,,,,,,,,,,,F,,,,,LINE 4,,,,,,,,,,RL132,,,,,,,,,,,,,,,,,,,,,,,,,,,,,,,,,,,,,,,,,,
88,1,D,LINE P2_PITCH1,ADMIN,2024-03-28 13:05:05,FULL CHECK,2026-04-01 01:14:47,AI,,,,,N,,,,Y,401,,,,401,,,,,,,ML90A340493A,,ML90A340493A,,2026-04-01 01:14:47,2026-03-15 02:35:17,,,,WAIT,,,,,T,,88AL3DB19,,,,,,N,,ML90A340493A,ML90A340493A,P,88,ML90A340493A,,,ML90A340493A,,,,,,PDA M,2026-03-15 02:35:25,,,,,,,,,,,,,,,,,,,,,,,,,,,,,,,,,88AL1GCF1,,T,,,,,,,,,,,,F,,,,,LINE P2,,,,,,,,,,XZG-555,,,,,,,,,,,,,,,,,,,,,,,,,,,,,,,,,,,,,,,,,,
89,1,D,RADIAL 1_RADIAL1,ADMIN,2023-10-25 16:01:29,FULL CHECK,2026-04-24 20:12:45,AI,,,,,N,,N,*,Y,401,,,,401,,,,,,,,,,,,,,,,WAIT,,,,,,,,,,,,,N,,,,,89,,,,ML90A340584A,,,,,,,,,,,,,,,,,,,,,,,,,,,,,,,,,,,,,,,,89AL3ND6E,,T,,,,,,,,,,,,,,,,,RADIAL 1,,,,,,,,,,RL132,,,,,,,,,,,,,,,,,,,,,,,,,,,,,,,,,,,,,,,,,,
90,1,D,PITCH 1_PITCH1,ADMIN,2024-03-28 13:05:06,FULL CHECK,2026-04-10 18:32:20,AI,,,,,N,,,,Y,401,,,,401,,,,,,,ML90A340528A,,ML90A340528A,,2026-04-10 18:32:20,2026-04-10 15:53:43,,,,WAIT,,,,,T,,90AL4A288,,,,,,N,,ML90A340528A,ML90A340528A,P,90,ML90A340528A,,,ML90A340528A,,,,,,PDA M,2026-04-10 15:53:53,,,,,,,,,,,,,,,,,,,,,,,,,,,,,,,,,90AL3MD93,,T,,,,,,,,,,,,F,,,,,PITCH 1,,,,,,,,,,XZG-555,,,,,,,,,,,,,,,,,,,,,,,,,,,,,,,,,,,,,,,,,,
91,1,D,AXIAL 1_AXIAL1,ADMIN,2024-03-28 13:37:48,FULL CHECK,2026-04-22 18:32:13,AI,,,,,N,,,,Y,401,,,,401,,,,,,,,,,,,,,,,WAIT,,,,,,,,,,,,,N,,,,,91,,,,ML90A200612A,,,,,,,,,,,,,,,,,,,,,,,,,,,,,,,,,,,,,,,,91AL4L568,,T,,,,,,,,,,,,,,,,,AXIAL 1,,,,,,,,,,AV131,,,,,,,,,,,,,,,,,,,,,,,,,,,,,,,,,,,,,,,,,,
92,1,D,EYELET 1_EYELET1,ADMIN,2024-03-28 13:29:26,20117006,2025-10-22 09:28:04,AI,,,,,N,,,,Y,401,,,,401,,,,,,,,,,,,,,,,,,,,,,,,,,,,,,,,,P,92,,,,,,,,,,,,,,,,,,,,,,,,,,,,,,,,,,,,,,,,,,,,,,,,,,,,,,,,,,,,,,,EYELET 1,,,,,,,,,,MULSERTER 200,,,,,,,,,,,,,,,,,,,,,,,,,,,,,,,,,,,,,,,,,,
P11,1,E,SERVER POWER 1,ADMIN,2023-10-25 00:00:00,ADMIN,2025-06-23 19:29:48,PBA,,,,,N,,N,*,Y,511,,,,1,,,,,,,PSSF132202A,,PSSF162202A,,,2025-06-23 19:29:48,,,,WAIT,,,,,S,,P11AL4Q677,,2026-04-28 11:02:26,,,,,,PSSF162202A,PSSF162202A,P,1A,,,,,,,,,,PDA M,2026-04-28 00:00:00,,,,,,,,,,,,,,,,,,,,,,,,,,,,,,,,,,,,,,,,,,,,,,,F,,,,,SERVER,,,,,,,,,,,,,,,,,,,,,,,,,,,,,,,,,,,,,,,,,,,,,,,,,,,,
P12,1,E,SERVER POWER 2,ADMIN,2023-10-25 00:00:00,ADMIN,2024-01-25 10:41:16,PBA,,,,,N,,N,*,Y,512,,,,1,,,,,,,,,,,,,,,,,,,,,,,,,,,,,,,,,P,2A,,,,,,,,,,,,,,,,,,,,,,,,,,,,,,,,,,,,,,,,,,,,,,,,,,,,,,,,,,,,,,,SERVER,,,,,,,,,,,,,,,,,,,,,,,,,,,,,,,,,,,,,,,,,,,,,,,,,,,,
P15,1,E,SERVER SUB ASSY,ADMIN,2023-10-25 00:00:00,ADMIN,2024-01-25 10:41:16,PBA,,,,,N,,N,*,Y,515,,,,1,,,,,,,,,,,,,,,,,,,,,,,,,,,,,,,,,P,5A,,,,,,,,,,,,,,,,,,,,,,,,,,,,,,,,,,,,,,,,,,,,,,,,,,,,,,,,,,,,,,,SERVER,,,,,,,,,,,,,,,,,,,,,,,,,,,,,,,,,,,,,,,,,,,,,,,,,,,,
P21,1,E,POWER MODULE,ADMIN,2023-10-25 00:00:00,ADMIN,2024-09-10 13:08:10,PBA,,,,,N,,N,*,Y,521,,,,1,,,,,,,SE05Q1KUFA/WIC,,SE03P1KUFC/NHK,,,2024-09-10 13:08:10,,,,WAIT,,,,,S,,P21AL4L54A,,2026-04-20 12:44:14,,,,N,,SE03P1KUFC/NHK,SE03P1KUFC/NHK,P,1A,,,,SE03P1KUFC/NHK,,,,,,PDA M,2026-04-20 00:00:00,,,,,,,,,,,,,,,,,,,,,,,,,,,,,,,,,P21AX6EABD,,S,,,,,,,,,,,,F,,,,,POWER,,,,,,,,,,,,,,,,,,,,,,,,,,2024-09-10 13:23:53,2024-09-10 13:35:32,MASTER_MODULE_CASE_OK_1,MASTER_MODULE_CASE_NG_1,2024-09-10 13:10:07,,MASTER_MODULE_FT1_OK_1,,2024-09-10 13:09:31,,MASTER_MODULE_HIPOT2_OK_1,,2024-09-10 13:10:38,,MASTER_MODULE_ATE_OK_1,,,,,,2025-02-27 17:03:33,FT_PM_MODULE_CALIBRATION_01,,,,,
P25,1,E,POWER AC/DC,ADMIN,2023-10-25 00:00:00,ADMIN,2024-09-10 16:09:13,PBA,,,,,N,,N,*,Y,525,,,,1,,,,,,,ML92A201725A,,ML92A201725A,,,2024-09-10 16:09:13,,,,WAIT,,,,,S,,P25AL4V711,,2026-04-29 18:33:11,,,,N,,ML92A201725A,ML92A201725A,P,5A,,,,ML92A201724A,,,,,,PDA M,2026-04-28 00:00:00,,,,,,,,,,,,,,,,,,,,,,,,,,,,,,,,,P25AX99D10,,S,,,,,,2024-09-10 16:18:03,DCDC_ICT_OK_1,,,,,F,,,,,POWER,,,,,,,,,,,,,,2024-09-10 16:16:51,,DCDC_AOI_OK_1,,2024-09-10 16:20:04,,DCDC_HIPOT_OK_1,,2024-09-10 16:21:44,,DCDC_FCT_OK_00001,,,,,,,,,,,,,,,,,,2024-09-10 16:24:10,FT_PM_DCDCPOWER_ICT_01,2024-09-10 16:25:19,FT_PM_DCDCPOWER_HIPOT_01,,,,,,,
P26,1,E,POWER SUB ASSY,ADMIN,2023-10-25 00:00:00,ADMIN,2024-03-19 18:24:57,PBA,,,,,N,,N,*,Y,526,,,,1,,,,,,,,,,,,,,,,,,,,,,,,,,,,,,,,,P,6A,,,,,,,,,,,,,,,,,,,,,,,,,,,,,,,,,,,,,,,,,,,,,,,,,,,,,,,,,,,,,,,POWER,,,,,,,,,,,,,,,,,,,,,,,,,,,,,,,,,,,,,,,,,,,,,,,,,,,,
P27,1,E,POWER FAN ASSY,ADMIN,2023-10-25 00:00:00,ADMIN,2024-03-19 18:24:57,PBA,,,,,N,,N,*,Y,527,,,,1,,,,,,,,,,,,,,,,,,,,,,,,,,,,,,,,,P,7A,,,,,,,,,,,,,,,,,,,,,,,,,,,,,,,,,,,,,,,,,,,,,,,,,,,,,,,,,,,,,,,POWER,,,,,,,,,,,,,,,,,,,,,,,,,,,,,,,,,,,,,,,,,,,,,,,,,,,,
P51,1,E,SMPS-1,ADMIN,2023-12-21 00:00:00,LINE STATUS,2024-03-19 18:36:52,SMPS,,,,,S,,,*,N,551,,,,1,,,,,,,,,,,,,,,,WAIT,,,,,,,,,,,,,,,,,P,1A,,,,,,,,,,,,,,,,,,,,,,,,,,,,,,,,,,,,,,,,,,,,,,,,,,,,,,,,,,,,,,,SMPS,,,,,,,,,,,,,,,,,,,,,,,,,,,,,,,,,,,,,,,,,,,,,,,,,,,,
P52,1,E,SMPS-2,ADMIN,2023-12-21 00:00:00,LINE STATUS,2024-03-19 18:36:52,SMPS,,,,,N,,N,*,N,552,,,,1,,,,,,,,,,,,,,,,WAIT,,,,,,,,,,,,,,,,,P,1A,,,,,,,,,,,,,,,,,,,,,,,,,,,,,,,,,,,,,,,,,,,,,,,,,,,,,,,,,,,,,,,SMPS,,,,,,,,,,,,,,,,,,,,,,,,,,,,,,,,,,,,,,,,,,,,,,,,,,,,
P53,1,E,SMPS-3,ADMIN,2023-12-21 00:00:00,ADMIN,2024-03-19 18:36:52,SMPS,,,,,S,,,*,N,553,,,,1,,,,,,,,,,,,,,,,,,,,,,,,,,,,,,,,,P,1A,,,,,,,,,,,,,,,,,,,,,,,,,,,,,,,,,,,,,,,,,,,,,,,,,,,,,,,,,,,,,,,SMPS,,,,,,,,,,,,,,,,,,,,,,,,,,,,,,,,,,,,,,,,,,,,,,,,,,,,
P54,1,E,SMPS-4,ADMIN,2023-12-21 00:00:00,ADMIN,2024-03-19 18:36:52,SMPS,,,,,N,,N,*,N,554,,,,1,,,,,,,,,,,,,,,,,,,,,,,,,,,,,,,,,P,1A,,,,,,,,,,,,,,,,,,,,,,,,,,,,,,,,,,,,,,,,,,,,,,,,,,,,,,,,,,,,,,,SMPS,,,,,,,,,,,,,,,,,,,,,,,,,,,,,,,,,,,,,,,,,,,,,,,,,,,,
P55,1,E,SMPS-5,ADMIN,2023-12-21 00:00:00,LINE STATUS,2024-03-19 18:36:52,SMPS,,,,,N,,N,*,N,555,,,,1,,,,,,,,,,,,,,,,WAIT,,,,,,,,,,,,,,,,,P,1A,,,,,,,,,,,,,,,,,,,,,,,,,,,,,,,,,,,,,,,,,,,,,,,,,,,,,,,,,,,,,,,SMPS,,,,,,,,,,,,,,,,,,,,,,,,,,,,,,,,,,,,,,,,,,,,,,,,,,,,
P56,1,E,SMPS-6,ADMIN,2023-12-21 00:00:00,ADMIN,2024-03-19 18:36:52,SMPS,,,,,N,,N,*,N,556,,,,1,,,,,,,,,,,,,,,,,,,,,,,,,,,,,,,,,P,1A,,,,,,,,,,,,,,,,,,,,,,,,,,,,,,,,,,,,,,,,,,,,,,,,,,,,,,,,,,,,,,,SMPS,,,,,,,,,,,,,,,,,,,,,,,,,,,,,,,,,,,,,,,,,,,,,,,,,,,,
P57,1,E,SMPS-7,ADMIN,2023-12-21 00:00:00,ADMIN,2024-03-19 18:36:52,SMPS,,,,,N,,N,*,N,557,,,,1,,,,,,,,,,,,,,,,,,,,,,,,,,,,,,,,,P,1A,,,,,,,,,,,,,,,,,,,,,,,,,,,,,,,,,,,,,,,,,,,,,,,,,,,,,,,,,,,,,,,SMPS,,,,,,,,,,,,,,,,,,,,,,,,,,,,,,,,,,,,,,,,,,,,,,,,,,,,
P58,1,E,SMPS-8,ADMIN,2023-12-21 00:00:00,ADMIN,2024-03-19 18:36:52,SMPS,,,,,N,,N,*,N,558,,,,1,,,,,,,,,,,,,,,,,,,,,,,,,,,,,,,,,P,1A,,,,,,,,,,,,,,,,,,,,,,,,,,,,,,,,,,,,,,,,,,,,,,,,,,,,,,,,,,,,,,,SMPS,,,,,,,,,,,,,,,,,,,,,,,,,,,,,,,,,,,,,,,,,,,,,,,,,,,,
P59,1,E,SMPS-9,ADMIN,2023-12-21 00:00:00,ADMIN,2024-03-19 18:36:52,SMPS,,,,,S,,,*,N,559,,,,1,,,,,,,,,,,,,,,,,,,,,,,,,,,,,,,,,P,1A,,,,,,,,,,,,,,,,,,,,,,,,,,,,,,,,,,,,,,,,,,,,,,,,,,,,,,,,,,,,,,,SMPS,,,,,,,,,,,,,,,,,,,,,,,,,,,,,,,,,,,,,,,,,,,,,,,,,,,,
P60,1,E,SMPS-10,ADMIN,2023-12-21 00:00:00,ADMIN,2024-03-19 18:36:52,SMPS,,,,,N,,N,*,N,560,,,,1,,,,,,,,,,,,,,,,,,,,,,,,,,,,,,,,,P,1A,,,,,,,,,,,,,,,,,,,,,,,,,,,,,,,,,,,,,,,,,,,,,,,,,,,,,,,,,,,,,,,SMPS,,,,,,,,,,,,,,,,,,,,,,,,,,,,,,,,,,,,,,,,,,,,,,,,,,,,
P61,1,E,SMPS-RECHECK,ADMIN,2023-12-21 00:00:00,ADMIN,2024-03-19 18:36:52,SMPS,,,,,N,,N,*,N,561,,,,1,,,,,,,,,,,,,,,,,,,,,,,,,,,,,,,,,P,1A,,,,,,,,,,,,,,,,,,,,,,,,,,,,,,,,,,,,,,,,,,,,,,,,,,,,,,,,,,,,,,,SMPS,,,,,,,,,,,,,,,,,,,,,,,,,,,,,,,,,,,,,,,,,,,,,,,,,,,,
P62,1,E,SMPS-REWORK,ADMIN,2023-12-21 00:00:00,ADMIN,2024-03-19 18:36:52,SMPS,,,,,N,,N,*,N,562,,,,1,,,,,,,,,,,,,,,,,,,,,,,,,,,,,,,,,P,1A,,,,,,,,,,,,,,,,,,,,,,,,,,,,,,,,,,,,,,,,,,,,,,,,,,,,,,,,,,,,,,,SMPS,,,,,,,,,,,,,,,,,,,,,,,,,,,,,,,,,,,,,,,,,,,,,,,,,,,,
P63,1,E,SMPS-NC BOARD,ADMIN,2023-12-21 00:00:00,ADMIN,2024-03-19 18:36:52,SMPS,,,,,N,,N,*,N,563,,,,1,,,,,,,,,,,,,,,,,,,,,,,,,,,,,,,,,P,1A,,,,,,,,,,,,,,,,,,,,,,,,,,,,,,,,,,,,,,,,,,,,,,,,,,,,,,,,,,,,,,,SMPS,,,,,,,,,,,,,,,,,,,,,,,,,,,,,,,,,,,,,,,,,,,,,,,,,,,,
P71,1,E,3IN1-1,ADMIN,2023-12-21 00:00:00,17127056,2025-08-30 11:47:46,AVI,,,,,N,,N,*,N,571,,,,1,,,,,,,,,,,,,,,,,,,,,,,,,,,,,,,,,P,1A,,,,,,,,,,,,,,,,,,,,,,,,,,,,,,,,,,,,,,,,,,,,,,,,,,,,,,,,,,,,,,,3IN1 POWER,,,,,,,,,,,,,,,,,,,,,,,,,,,,,,,,,,,,,,,,,,,,,,,,,,,,
P72,1,E,3IN1-2,ADMIN,2023-12-21 00:00:00,ADMIN,2024-03-19 18:37:00,3IN1,,,,,N,,N,*,N,572,,,,1,,,,,,,,,,,,,,,,,,,,,,,,,,,,,,,,,P,1A,,,,,,,,,,,,,,,,,,,,,,,,,,,,,,,,,,,,,,,,,,,,,,,,,,,,,,,,,,,,,,,3IN1 POWER,,,,,,,,,,,,,,,,,,,,,,,,,,,,,,,,,,,,,,,,,,,,,,,,,,,,
P73,1,E,3IN1-REWORK,ADMIN,2023-12-21 00:00:00,ADMIN,2024-03-19 18:37:00,3IN1,,,,,N,,N,*,N,573,,,,1,,,,,,,,,,,,,,,,,,,,,,,,,,,,,,,,,P,1A,,,,,,,,,,,,,,,,,,,,,,,,,,,,,,,,,,,,,,,,,,,,,,,,,,,,,,,,,,,,,,,3IN1 POWER,,,,,,,,,,,,,,,,,,,,,,,,,,,,,,,,,,,,,,,,,,,,,,,,,,,,
P81,1,E,HYBRID-1,ADMIN,2023-12-21 00:00:00,ADMIN,2024-03-19 18:37:00,HYBRID,,,,,N,,N,*,N,581,,,,1,,,,,,,,,,,,,,,,,,,,,,,,,,,,,,,,,P,1A,,,,,,,,,,,,,,,,,,,,,,,,,,,,,,,,,,,,,,,,,,,,,,,,,,,,,,,,,,,,,,,3IN1 POWER,,,,,,,,,,,,,,,,,,,,,,,,,,,,,,,,,,,,,,,,,,,,,,,,,,,,
P82,1,E,HYBRID-2,ADMIN,2023-12-21 00:00:00,ADMIN,2024-03-19 18:37:00,HYBRID,,,,,N,,N,*,N,582,,,,1,,,,,,,,,,,,,,,,,,,,,,,,,,,,,,,,,P,1A,,,,,,,,,,,,,,,,,,,,,,,,,,,,,,,,,,,,,,,,,,,,,,,,,,,,,,,,,,,,,,,3IN1 POWER,,,,,,,,,,,,,,,,,,,,,,,,,,,,,,,,,,,,,,,,,,,,,,,,,,,,
P83,1,E,HYBRID-3,ADMIN,2023-12-21 00:00:00,ADMIN,2024-03-19 18:37:00,HYBRID,,,,,N,,N,*,N,583,,,,1,,,,,,,,,,,,,,,,,,,,,,,,,,,,,,,,,P,1A,,,,,,,,,,,,,,,,,,,,,,,,,,,,,,,,,,,,,,,,,,,,,,,,,,,,,,,,,,,,,,,3IN1 POWER,,,,,,,,,,,,,,,,,,,,,,,,,,,,,,,,,,,,,,,,,,,,,,,,,,,,
P84,1,E,HYBRID-4,ADMIN,2023-12-21 00:00:00,ADMIN,2024-03-19 18:37:00,HYBRID,,,,,N,,N,*,N,584,,,,1,,,,,,,,,,,,,,,,,,,,,,,,,,,,,,,,,P,1A,,,,,,,,,,,,,,,,,,,,,,,,,,,,,,,,,,,,,,,,,,,,,,,,,,,,,,,,,,,,,,,3IN1 POWER,,,,,,,,,,,,,,,,,,,,,,,,,,,,,,,,,,,,,,,,,,,,,,,,,,,,
P85,1,E,HYBRID-5,ADMIN,2023-12-21 00:00:00,ADMIN,2024-03-19 18:37:00,HYBRID,,,,,N,,N,*,N,585,,,,1,,,,,,,,,,,,,,,,,,,,,,,,,,,,,,,,,P,1A,,,,,,,,,,,,,,,,,,,,,,,,,,,,,,,,,,,,,,,,,,,,,,,,,,,,,,,,,,,,,,,3IN1 POWER,,,,,,,,,,,,,,,,,,,,,,,,,,,,,,,,,,,,,,,,,,,,,,,,,,,,
P86,1,E,HYBRID-6,ADMIN,2023-12-21 00:00:00,ADMIN,2024-03-19 18:37:00,HYBRID,,,,,N,,N,*,N,586,,,,1,,,,,,,,,,,,,,,,,,,,,,,,,,,,,,,,,P,1A,,,,,,,,,,,,,,,,,,,,,,,,,,,,,,,,,,,,,,,,,,,,,,,,,,,,,,,,,,,,,,,3IN1 POWER,,,,,,,,,,,,,,,,,,,,,,,,,,,,,,,,,,,,,,,,,,,,,,,,,,,,
P87,1,E,HYBRID-REWORK,ADMIN,2023-12-21 00:00:00,ADMIN,2024-03-19 18:37:00,HYBRID,,,,,N,,N,*,N,587,,,,1,,,,,,,,,,,,,,,,,,,,,,,,,,,,,,,,,P,1A,,,,,,,,,,,,,,,,,,,,,,,,,,,,,,,,,,,,,,,,,,,,,,,,,,,,,,,,,,,,,,,3IN1 POWER,,,,,,,,,,,,,,,,,,,,,,,,,,,,,,,,,,,,,,,,,,,,,,,,,,,,
U11,1,E,U1-X3039,ADMIN,2025-12-01 00:00:00,JSC,2025-12-01 00:00:00,U1,,,,,N,,N,*,Y,711,,,,1,,,,,,,,,,,,,,,,,,,,,,,,,,,,,,,,,P,U1,,,,,,,,,,,,,,,,,,,,,,,,,,,,,,,,,,,,,,,,,,,,,,,,,,,,,,,,,,,,,,,PBA,,,,,,,,,,,V,,,,,,,,,,,,,,,,,,,,,,,,,,,,,,,,,,,,,,,,,
V06,1,I,AVI-6,ADMIN,2023-12-21 00:00:00,22017008,2025-06-25 09:52:45,AVI,,,,,N,,N,*,N,606,,,,1,,,,,,,,,,,,,,,,,,,,,,,,,,,,,,,,,P,1A,,,,,,,,,,,,,,,,,,,,,,,,,,,,,,,,,,,,,,,,,,,,,,,,,,,,,,,,,,,,,,,PBA,,,,,,,,,,,V,,,,,,,,,,,,,,,,,,,,,,,,,,,,,,,,,,,,,,,,,
V07,1,I,AVI-7,ADMIN,2023-12-21 00:00:00,22017008,2025-06-25 09:52:29,AVI,,,,,N,,N,*,N,607,,,,1,,,,,,,,,,,,,,,,,,,,,,,,,,,,,,,,,P,1A,,,,,,,,,,,,,,,,,,,,,,,,,,,,,,,,,,,,,,,,,,,,,,,,,,,,,,,,,,,,,,,PBA,,,,,,,,,,,V,,,,,,,,,,,,,,,,,,,,,,,,,,,,,,,,,,,,,,,,,
V08,1,I,AVI-8,ADMIN,2023-12-21 00:00:00,22017008,2025-06-25 09:52:41,AVI,,,,,N,,N,*,N,608,,,,1,,,,,,,,,,,,,,,,,,,,,,,,,,,,,,,,,P,1A,,,,,,,,,,,,,,,,,,,,,,,,,,,,,,,,,,,,,,,,,,,,,,,,,,,,,,,,,,,,,,,PBA,,,,,,,,,,,V,,,,,,,,,,,,,,,,,,,,,,,,,,,,,,,,,,,,,,,,,
V09,1,I,AVI-9,ADMIN,2023-12-21 00:00:00,22017008,2025-06-25 09:52:43,AVI,,,,,N,,N,*,N,609,,,,1,,,,,,,,,,,,,,,,,,,,,,,,,,,,,,,,,P,1A,,,,,,,,,,,,,,,,,,,,,,,,,,,,,,,,,,,,,,,,,,,,,,,,,,,,,,,,,,,,,,,PBA,,,,,,,,,,,V,,,,,,,,,,,,,,,,,,,,,,,,,,,,,,,,,,,,,,,,,
V11,1,I,AVI-1,ADMIN,2023-12-21 00:00:00,22017008,2025-06-30 14:12:05,AVI,,,,,N,,N,*,Y,611,,,,1,,,,,,,,,,,,,,,,,,,,,,,,,,,,,,,,,P,1A,,,,,,,,,,,,,,,,,,,,,,,,,,,,,,,,,,,,,,,,,,,,,,,,,,,,,,,,,,,,,,,PBA,,,,,,,,,,D500,V,,,,,,,,,,,,,,,,,,,,,,,,,,,,,,,,,,,,,,,,,
V12,1,I,AVI-2,ADMIN,2023-12-21 00:00:00,22017008,2025-06-30 14:12:11,AVI,,,,,N,,N,*,Y,612,,,,1,,,,,,,,,,,,,,,,,,,,,,,,,,,,,,,,,P,1A,,,,,,,,,,,,,,,,,,,,,,,,,,,,,,,,,,,,,,,,,,,,,,,,,,,,,,,,,,,,,,,PBA,,,,,,,,,,D330,V,,,,,,,,,,,,,,,,,,,,,,,,,,,,,,,,,,,,,,,,,
V13,1,I,AVI-3,ADMIN,2023-12-21 00:00:00,22017008,2025-06-30 14:12:17,AVI,,,,,N,,N,*,Y,613,,,,1,,,,,,,,,,,,,,,,,,,,,,,,,,,,,,,,,P,1A,,,,,,,,,,,,,,,,,,,,,,,,,,,,,,,,,,,,,,,,,,,,,,,,,,,,,,,,,,,,,,,PBA,,,,,,,,,,D330,V,,,,,,,,,,,,,,,,,,,,,,,,,,,,,,,,,,,,,,,,,
V14,1,I,AVI-4,ADMIN,2023-12-21 00:00:00,22017008,2025-06-25 09:55:09,AVI,,,,,N,,N,*,N,614,,,,1,,,,,,,,,,,,,,,,,,,,,,,,,,,,,,,,,P,1A,,,,,,,,,,,,,,,,,,,,,,,,,,,,,,,,,,,,,,,,,,,,,,,,,,,,,,,,,,,,,,,PBA,,,,,,,,,,,V,,,,,,,,,,,,,,,,,,,,,,,,,,,,,,,,,,,,,,,,,
V15,1,I,AVI-5,ADMIN,2023-12-21 00:00:00,22017008,2025-06-25 09:55:07,AVI,,,,,N,,N,*,N,615,,,,1,,,,,,,,,,,,,,,,,,,,,,,,,,,,,,,,,P,1A,,,,,,,,,,,,,,,,,,,,,,,,,,,,,,,,,,,,,,,,,,,,,,,,,,,,,,,,,,,,,,,PBA,,,,,,,,,,,V,,,,,,,,,,,,,,,,,,,,,,,,,,,,,,,,,,,,,,,,,
